interval_before_departure,gauss,erlang,normal2,erlang2,erlang3
1,0.014561298,0,2.59e-10,2.6517831e-05,0.037919688061
2,0.019933799,1e-12,2.027e-09,4.0757291e-05,0.091997813664
3,0.026401174,4.89e-10,1.4167e-08,6.2483309e-05,0.125548862881
4,0.03382981,4.2519e-08,8.8608e-08,9.5527943e-05,0.135376417119
5,0.041939093,1.085373e-06,4.95937e-07,0.000145616635,0.128296793101
6,0.050301584,1.2756407e-05,2.483836e-06,0.000221258874,0.112054951524
7,0.058369699,8.7785521e-05,1.113178e-05,0.000335028017,0.092507594998
8,0.065529432,0.000408296259,4.4642798e-05,0.000505380008,0.073284823017
9,0.071175169,0.001407922811,0.000160207649,0.000759204068,0.056256388378
10,0.074793486,0.003834216963,0.000514470105,0.001135343216,0.04212496834
11,0.076040015,0.008626670701,0.001478366446,0.00168935772,0.030915602654
12,0.074793486,0.016577971755,0.003801448468,0.002499808095,0.02231555013
13,0.071175169,0.027907242898,0.008747041275,0.003676264442,0.015884903075
14,0.065529432,0.04196927186,0.018010190299,0.005369033418,0.011173949263
15,0.058369699,0.057271452384,0.033183369659,0.007780112929,0.007780112929
16,0.050301584,0.071810750122,0.054710127391,0.011173949263,0.005369033418
17,0.041939093,0.083588169967,0.080716073018,0.015884903075,0.003676264442
18,0.03382981,0.091095815072,0.10656077751,0.02231555013,0.002499808095
19,0.026401174,0.0936148542,0.125886684114,0.030915602654,0.00168935772
20,0.019933799,0.091264479832,0.133078306473,0.04212496834,0.001135343216
21,0.014561298,0.08484064924,0.125886684114,0.056256388378,0.000759204068
22,0.010290897,0.075539453241,0.10656077751,0.073284823017,0.000505380008
23,0,0.064666194453,0.080716073018,0.092507594998,0.000335028017
24,0,0.053403230589,0.054710127391,0.112054951524,0.000221258874
25,0,0.042669703049,0.033183369659,0.128296793101,0.000145616635
26,0,0.033071857292,0.018010190299,0.135376417119,9.5527943e-05
27,0,0.024921949458,0.008747041275,0.125548862881,6.2483309e-05
28,0,0.018296945965,0.003801448468,0.091997813664,4.0757291e-05
29,0,0.013111231577,0.001478366446,0.037919688061,2.6517831e-05
