time,arrivals
00:00,22
00:05,31
00:10,21
00:15,13
00:20,22
00:25,17
00:30,19
00:35,6
00:40,8
00:45,10
00:50,13
00:55,11
01:00,13
01:05,17
01:10,18
01:15,25
01:20,23
01:25,33
01:30,31
01:35,31
01:40,40
01:45,52
01:50,44
01:55,65
02:00,62
02:05,80
02:10,83
02:15,91
02:20,95
02:25,121
02:30,114
02:35,121
02:40,121
02:45,137
02:50,137
02:55,166
03:00,166
03:05,144
03:10,177
03:15,212
03:20,191
03:25,202
03:30,226
03:35,220
03:40,238
03:45,250
03:50,256
03:55,240
04:00,239
04:05,262
04:10,256
04:15,256
04:20,266
04:25,282
04:30,261
04:35,259
04:40,265
04:45,303
04:50,299
04:55,277
05:00,283
05:05,312
05:10,344
05:15,383
05:20,347
05:25,368
05:30,371
05:35,380
05:40,404
05:45,414
05:50,410
05:55,390
06:00,351
06:05,392
06:10,326
06:15,354
06:20,331
06:25,303
06:30,319
06:35,303
06:40,360
06:45,399
06:50,383
06:55,376
07:00,389
07:05,436
07:10,371
07:15,343
07:20,335
07:25,340
07:30,373
07:35,361
07:40,351
07:45,341
07:50,351
07:55,390
08:00,371
08:05,449
08:10,529
08:15,451
08:20,429
08:25,399
08:30,392
08:35,403
08:40,390
08:45,375
08:50,347
08:55,382
09:00,360
09:05,344
09:10,307
09:15,294
09:20,330
09:25,284
09:30,292
09:35,301
09:40,272
09:45,282
09:50,292
09:55,271
10:00,286
10:05,280
10:10,269
10:15,247
10:20,267
10:25,287
10:30,279
10:35,292
10:40,320
10:45,307
10:50,287
10:55,334
11:00,261
11:05,328
11:10,336
11:15,315
11:20,351
11:25,306
11:30,341
11:35,326
11:40,370
11:45,345
11:50,376
11:55,344
12:00,369
12:05,317
12:10,326
12:15,329
12:20,278
12:25,278
12:30,368
12:35,692
12:40,700
12:45,312
12:50,293
12:55,608
13:00,594
13:05,255
13:10,259
13:15,563
13:20,514
13:25,268
13:30,152
13:35,178
13:40,166
13:45,157
13:50,181
13:55,165
14:00,179
14:05,154
14:10,172
14:15,161
14:20,142
14:25,154
14:30,185
14:35,164
14:40,150
14:45,154
14:50,161
14:55,190
15:00,184
15:05,161
15:10,180
15:15,169
15:20,143
15:25,187
15:30,181
15:35,188
15:40,201
15:45,238
15:50,209
15:55,235
16:00,273
16:05,262
16:10,315
16:15,321
16:20,311
16:25,322
16:30,334
16:35,354
16:40,348
16:45,357
16:50,341
16:55,327
17:00,333
17:05,349
17:10,398
17:15,341
17:20,436
17:25,403
17:30,375
17:35,376
17:40,363
17:45,353
17:50,324
17:55,298
18:00,293
18:05,311
18:10,345
18:15,355
18:20,309
18:25,366
18:30,346
18:35,306
18:40,308
18:45,295
18:50,310
18:55,295
19:00,269
19:05,220
19:10,211
19:15,183
19:20,182
19:25,193
19:30,159
19:35,208
19:40,186
19:45,158
19:50,139
19:55,130
20:00,107
20:05,103
20:10,86
20:15,74
20:20,75
20:25,62
20:30,51
20:35,48
20:40,38
20:45,45
20:50,28
20:55,21
21:00,32
21:05,21
21:10,29
21:15,22
21:20,31
21:25,43
21:30,51
21:35,94
21:40,165
21:45,168
21:50,115
21:55,64
22:00,49
22:05,66
22:10,68
22:15,73
22:20,96
22:25,97
22:30,96
22:35,92
22:40,107
22:45,70
22:50,42
22:55,44
23:00,53
23:05,46
23:10,49
23:15,53
23:20,51
23:25,59
23:30,65
23:35,61
23:40,55
23:45,44
23:50,62
23:55,49
