slot start,2008-07-16,2008-07-17,2008-07-18,2008-07-19,2008-07-20,2008-07-21,2008-07-22,2008-07-23,2008-07-24,2008-07-25,2008-07-26,2008-07-27,2008-07-28,2008-07-29,2008-07-30,2008-07-31
00:00,4,7,6,10,40,0,38,12,14,3,11,70,1,35,11,0
00:05,5,9,6,8,41,0,35,15,11,1,7,71,0,34,16,0
00:10,8,11,9,6,40,0,33,19,12,1,6,65,0,31,19,0
00:15,9,11,10,4,40,0,30,24,12,0,4,59,0,28,25,0
00:20,12,13,11,4,34,0,29,28,12,0,4,50,0,27,29,0
00:25,14,13,13,3,34,0,26,34,12,0,3,43,0,26,35,0
00:30,17,12,14,4,31,0,24,37,12,0,4,37,0,23,37,0
00:35,19,12,15,4,27,0,22,39,10,0,7,30,0,21,41,0
00:40,20,9,14,5,24,0,17,41,10,0,9,26,0,16,41,0
00:45,23,9,15,7,24,2,16,42,9,1,15,24,2,15,43,1
00:50,22,8,15,10,24,2,12,38,9,4,17,23,2,11,38,2
00:55,21,8,13,11,22,3,9,35,9,4,22,21,3,9,35,4
01:00,20,8,14,13,21,4,8,29,10,7,28,21,4,7,30,6
01:05,20,8,18,19,26,5,7,26,11,12,38,24,7,6,27,7
01:10,17,11,20,20,23,10,8,23,11,17,44,22,8,6,22,9
01:15,17,11,23,24,26,11,9,19,12,20,51,23,12,7,19,12
01:20,17,15,28,25,28,14,11,18,14,27,57,24,15,9,19,15
01:25,18,17,34,30,31,18,15,17,16,31,67,27,18,10,17,16
01:30,19,18,40,31,32,21,18,20,18,38,70,27,22,12,19,19
01:35,19,20,43,40,38,23,21,19,20,42,81,33,23,13,19,20
01:40,21,21,49,43,42,25,24,20,21,45,85,36,28,15,21,20
01:45,23,20,52,47,45,27,27,24,20,51,88,40,28,14,23,20
01:50,24,19,52,56,52,29,33,24,18,53,96,47,33,18,24,19
01:55,28,17,56,64,61,30,37,28,17,53,99,51,34,20,27,17
02:00,32,15,54,69,65,33,38,29,15,53,103,60,38,19,31,15
02:05,34,16,52,77,72,31,41,33,15,52,107,67,38,27,32,15
02:10,39,15,53,85,84,32,39,37,15,51,112,73,40,29,39,15
02:15,41,13,51,99,91,33,34,43,13,48,119,82,40,31,41,12
02:20,51,17,54,106,108,33,32,47,16,50,121,94,42,38,48,17
02:25,60,17,53,115,121,36,35,57,17,50,121,106,47,43,56,17
02:30,65,24,63,123,137,38,39,63,24,56,130,119,49,49,67,24
02:35,76,28,65,141,155,44,39,75,28,59,132,134,54,56,73,30
02:40,91,34,76,148,170,43,42,87,33,64,141,149,56,60,90,32
02:45,91,39,81,159,188,48,42,92,40,66,138,161,59,64,90,38
02:50,106,50,86,168,202,56,50,99,47,72,148,181,70,72,101,51
02:55,105,56,94,179,206,57,46,104,56,80,152,195,69,70,105,53
03:00,114,70,99,203,218,61,54,115,66,86,165,206,81,74,113,67
03:05,119,79,99,205,212,65,59,115,77,91,163,215,82,69,118,81
03:10,129,93,110,210,219,80,66,127,92,107,172,234,93,72,129,94
03:15,136,110,109,228,217,94,74,134,105,110,176,242,112,78,137,107
03:20,150,128,122,231,226,116,87,148,124,126,177,260,131,94,148,123
03:25,158,147,132,236,226,132,99,154,140,133,181,268,150,100,161,145
03:30,175,163,148,245,244,152,114,176,158,154,192,279,174,121,181,162
03:35,189,183,160,245,245,174,139,183,179,165,193,283,195,148,194,181
03:40,203,206,179,248,262,194,152,203,194,174,201,295,221,163,209,196
03:45,212,216,179,253,277,219,173,208,211,184,211,289,238,184,221,215
03:50,223,225,188,254,278,228,190,218,217,187,223,293,246,194,228,222
03:55,219,226,185,244,289,227,195,223,221,181,219,297,239,207,230,228
04:00,227,225,190,246,287,235,208,228,222,187,230,300,239,211,239,229
04:05,234,227,202,256,295,250,221,240,224,195,250,297,251,225,245,229
04:10,250,226,208,266,292,262,230,247,227,199,258,300,257,236,258,234
04:15,252,225,204,270,301,268,226,258,223,191,271,297,260,241,254,230
04:20,260,229,221,282,294,265,234,252,224,201,278,300,267,247,260,235
04:25,261,222,221,279,307,266,235,263,217,207,284,302,268,243,268,237
04:30,261,216,221,272,300,251,234,260,218,204,270,292,262,244,266,224
04:35,266,216,232,276,307,257,234,260,216,209,281,299,265,249,278,228
04:40,276,223,242,283,317,270,238,278,222,220,286,305,274,250,287,232
04:45,285,236,252,289,319,281,252,280,229,228,286,309,279,253,292,236
04:50,294,238,269,308,331,294,262,302,237,244,305,316,291,263,307,246
04:55,310,250,286,309,338,311,264,306,243,258,313,322,297,267,315,241
05:00,322,258,300,333,348,318,300,330,254,283,324,335,306,297,334,256
05:05,332,258,313,340,351,329,328,338,252,296,342,340,311,314,335,250
05:10,340,257,317,344,362,336,394,345,256,308,349,352,318,380,343,253
05:15,335,260,329,355,365,340,513,348,251,319,349,353,322,489,341,245
05:20,331,238,321,354,357,331,677,336,232,318,351,349,316,651,333,226
05:25,324,234,307,342,334,318,846,332,232,309,339,332,300,824,306,221
05:30,309,239,288,332,323,303,951,312,229,301,326,319,294,916,301,225
05:35,287,276,295,326,309,296,898,301,278,303,315,309,278,882,285,267
05:40,281,373,293,314,296,286,728,298,368,305,311,307,269,708,277,358
05:45,275,513,319,313,302,275,546,282,507,345,312,309,261,537,268,498
05:50,262,666,391,314,298,271,492,271,662,399,306,308,252,488,253,648
05:55,254,757,488,308,304,266,559,262,748,511,301,314,246,556,247,731
06:00,256,714,593,305,296,255,678,253,701,601,297,309,229,680,239,694
06:05,236,548,644,290,294,236,767,239,548,661,290,306,214,762,228,535
06:10,226,373,606,292,294,215,734,222,369,609,289,306,194,733,214,359
06:15,202,246,492,302,288,198,631,199,243,503,298,298,182,623,196,238
06:20,178,175,356,309,274,174,512,182,178,360,312,282,170,528,180,171
06:25,166,146,266,352,255,164,496,166,149,274,355,258,168,507,169,145
06:30,151,138,220,438,251,156,535,156,138,228,438,256,161,556,158,139
06:35,151,142,207,566,239,166,565,153,140,221,570,250,166,589,162,140
06:40,137,139,208,695,239,170,535,151,142,222,712,243,173,557,157,135
06:45,147,136,223,800,232,172,427,151,139,229,804,239,179,445,160,142
06:50,138,140,225,781,231,181,316,154,143,244,791,238,185,325,158,141
06:55,144,144,244,688,224,190,239,158,145,253,691,229,193,253,161,143
07:00,138,145,246,581,218,190,212,153,145,255,576,219,190,207,164,143
07:05,139,144,257,508,206,188,196,156,147,268,504,216,189,195,160,139
07:10,138,143,261,449,203,184,198,151,144,270,443,205,188,190,161,136
07:15,130,146,268,381,202,179,201,147,143,264,375,211,176,190,158,127
07:20,139,145,274,320,200,181,217,155,147,274,308,206,179,202,162,130
07:25,139,150,271,298,199,176,246,148,148,269,288,212,178,230,163,135
07:30,140,146,274,294,195,176,251,147,144,258,287,205,171,231,155,129
07:35,140,149,259,326,192,174,253,143,148,252,315,205,173,240,151,133
07:40,137,152,256,384,177,176,253,133,142,241,373,205,175,240,152,130
07:45,131,139,238,462,169,172,246,123,141,226,456,188,176,236,141,126
07:50,122,140,228,536,153,172,235,114,128,207,534,177,177,229,133,127
07:55,116,131,215,578,146,167,223,102,129,191,577,164,169,222,128,117
08:00,116,136,200,540,146,165,212,101,125,185,543,174,179,218,124,122
08:05,122,145,196,456,147,175,216,107,134,177,454,171,188,218,130,131
08:10,129,158,198,358,156,176,213,114,146,177,360,180,196,215,134,139
08:15,126,153,189,281,153,178,198,115,145,171,290,169,194,205,132,138
08:20,131,162,187,248,167,173,189,118,147,169,249,194,191,192,134,143
08:25,132,169,186,241,173,171,179,125,152,164,242,182,179,182,128,150
08:30,129,165,172,229,183,158,158,118,146,153,236,183,163,163,122,142
08:35,127,160,159,224,181,153,147,118,148,148,225,181,155,150,124,145
08:40,125,154,149,221,186,144,135,119,139,132,224,168,142,136,120,134
08:45,107,139,130,214,185,119,119,104,126,115,221,166,120,123,111,125
08:50,99,116,114,212,181,111,109,99,110,92,206,164,104,107,102,107
08:55,94,106,98,205,185,96,107,103,99,82,204,159,92,105,106,104
09:00,107,108,102,213,187,100,122,111,103,85,211,170,98,114,120,103
09:05,117,105,108,220,194,101,134,121,102,91,215,182,100,130,128,105
09:10,130,110,108,227,200,108,146,140,110,88,220,183,106,143,150,107
09:15,135,107,106,238,201,114,153,147,105,95,234,193,112,156,163,112
09:20,149,113,109,238,203,114,160,158,114,103,231,204,118,161,173,116
09:25,158,117,110,240,201,116,162,172,115,105,232,211,127,168,185,118
09:30,169,115,107,245,200,117,161,182,119,120,241,222,134,168,198,117
09:35,170,118,119,248,213,118,158,187,123,125,244,232,140,168,200,127
09:40,185,131,129,246,216,128,155,199,132,136,247,243,153,172,218,133
09:45,190,133,142,245,227,128,147,211,142,155,249,244,165,172,215,139
09:50,196,140,153,258,227,139,142,211,147,159,253,252,170,173,226,152
09:55,207,156,173,255,227,156,143,220,168,179,259,246,186,175,235,161
10:00,217,169,188,266,227,170,135,225,174,183,277,238,190,180,234,173
10:05,219,172,192,268,224,184,138,226,181,190,269,241,205,183,235,180
10:10,238,190,212,273,233,202,151,233,195,207,278,243,209,198,247,196
10:15,242,200,222,278,241,214,170,240,207,218,283,243,226,211,253,210
10:20,247,209,233,277,240,220,184,234,215,219,282,237,230,220,251,220
10:25,249,213,242,282,244,224,193,232,218,236,283,237,230,227,253,223
10:30,247,209,246,280,235,228,204,226,211,237,278,228,229,232,241,223
10:35,245,212,251,285,234,226,211,220,214,250,275,228,217,227,243,225
10:40,244,232,257,289,235,219,214,219,234,243,283,222,214,235,235,243
10:45,247,234,264,289,248,220,219,219,231,260,283,231,209,231,242,239
10:50,248,231,265,279,249,212,216,219,233,259,282,225,199,229,236,236
10:55,256,235,277,287,263,209,225,221,231,273,285,246,201,229,248,242
11:00,254,227,277,273,264,202,218,227,227,280,272,251,187,220,240,230
11:05,255,215,277,273,283,191,210,225,218,274,266,261,181,210,244,228
11:10,261,221,275,271,284,191,211,238,218,285,269,267,180,208,242,222
11:15,257,214,278,279,301,185,197,237,219,284,279,284,174,205,247,224
11:20,264,216,281,284,301,171,201,236,216,293,281,291,174,196,241,218
11:25,267,216,279,286,317,179,195,250,216,295,295,310,172,192,243,220
11:30,267,220,270,286,330,170,197,253,216,288,296,325,174,192,249,211
11:35,279,219,265,293,342,173,197,256,212,292,303,337,175,196,265,217
11:40,288,218,260,288,342,171,214,272,214,290,306,345,181,200,266,214
11:45,284,219,253,288,337,181,207,274,220,289,312,352,190,199,280,215
11:50,285,218,247,287,346,177,217,277,219,280,309,344,182,207,285,208
11:55,281,212,229,277,332,178,209,269,208,257,298,332,189,201,288,208
12:00,265,206,217,268,314,170,203,262,209,249,292,323,179,192,274,197
12:05,251,185,195,243,289,160,183,247,186,222,264,292,163,174,262,179
12:10,229,172,179,216,257,143,173,227,175,193,240,264,142,157,247,166
12:15,213,153,165,195,234,129,154,209,162,178,214,240,133,140,223,146
12:20,188,139,145,171,212,105,130,188,145,155,187,221,112,118,205,130
12:25,171,116,132,161,198,99,119,172,128,135,168,201,95,104,181,112
12:30,165,116,134,149,193,91,115,167,130,129,159,205,90,99,172,107
12:35,160,113,137,153,190,91,107,163,128,135,161,199,96,99,165,106
12:40,148,110,145,158,187,89,107,158,130,136,167,203,89,96,154,100
12:45,141,110,148,185,192,86,100,152,127,137,193,200,90,92,143,101
12:50,135,109,154,238,197,83,95,148,127,149,241,210,91,93,136,100
12:55,131,109,166,284,206,85,96,148,126,154,285,218,91,97,138,104
13:00,127,103,165,314,212,83,97,144,126,156,317,220,89,104,126,96
13:05,122,98,162,302,205,81,99,139,112,150,304,209,85,106,122,91
13:10,122,87,148,238,193,75,101,134,102,136,242,197,76,107,114,83
13:15,110,86,128,171,184,77,104,128,99,130,177,181,79,118,118,85
13:20,117,86,124,125,163,83,110,130,100,116,131,161,78,117,116,84
13:25,108,86,114,116,160,84,116,118,98,108,126,153,80,124,110,85
13:30,103,84,104,117,148,82,119,118,93,99,120,138,84,124,110,83
13:35,97,90,92,130,144,88,122,112,95,88,138,131,83,131,111,89
13:40,92,91,83,150,138,90,128,102,96,77,154,122,88,131,105,92
13:45,80,97,69,170,134,83,126,88,97,65,166,117,84,124,100,96
13:50,75,95,56,185,130,82,124,80,95,52,180,107,80,124,96,94
13:55,70,97,49,196,129,77,127,76,101,49,190,105,83,122,96,98
14:00,70,97,44,204,130,79,136,73,96,44,195,102,83,130,99,99
14:05,71,102,42,220,139,80,146,74,98,43,207,103,84,141,105,103
14:10,74,105,39,240,136,82,159,79,110,44,234,108,88,154,106,111
14:15,78,114,46,279,138,84,189,81,110,47,269,105,92,185,112,116
14:20,89,139,51,334,139,89,237,85,134,60,322,109,98,230,115,144
14:25,96,191,58,379,141,98,283,97,184,67,377,106,113,282,122,190
14:30,109,282,67,409,147,107,314,107,264,83,414,118,120,307,134,273
14:35,134,394,87,396,157,124,312,132,367,95,395,128,137,318,154,382
14:40,150,457,95,341,162,133,275,143,424,109,349,140,145,273,161,437
14:45,167,445,111,279,176,145,233,165,419,124,296,148,164,238,180,432
14:50,185,374,126,248,183,155,208,175,350,139,253,168,169,212,189,363
14:55,200,281,146,233,197,169,208,195,265,157,246,178,179,212,204,284
15:00,207,232,155,242,209,171,226,200,219,170,250,198,181,228,209,234
15:05,217,211,192,261,216,183,270,209,200,199,262,213,182,276,213,218
15:10,219,218,237,268,233,192,317,211,206,245,262,239,198,321,215,224
15:15,218,220,298,272,239,204,339,203,204,302,258,238,199,344,216,217
15:20,220,220,367,274,234,209,323,206,213,364,255,252,203,330,213,220
15:25,216,218,402,284,234,208,278,199,204,398,261,249,211,288,211,218
15:30,217,220,389,283,231,218,223,197,218,382,263,264,215,235,209,221
15:35,217,221,345,284,243,225,202,193,221,341,266,272,230,216,215,234
15:40,226,221,287,299,253,228,182,205,220,284,278,285,241,207,223,233
15:45,226,223,260,297,272,245,187,202,222,249,280,298,244,204,234,240
15:50,244,222,248,307,288,246,189,219,225,240,294,307,255,217,242,253
15:55,247,231,258,314,311,256,197,220,232,242,297,325,269,235,254,265
16:00,266,235,271,316,321,263,212,233,236,251,306,334,271,238,264,277
16:05,262,239,285,321,338,264,213,238,243,262,313,348,278,252,273,295
16:10,272,251,299,319,342,266,232,250,254,272,324,343,279,267,288,296
16:15,263,259,309,311,361,273,233,253,256,281,322,363,282,267,296,299
16:20,258,262,321,314,355,266,242,258,262,286,324,358,269,268,293,293
16:25,254,259,320,298,357,261,239,248,256,282,319,354,261,262,286,281
16:30,254,248,316,283,348,249,240,250,245,285,308,348,248,263,289,263
16:35,256,234,312,290,346,249,241,248,240,286,313,339,243,264,285,251
16:40,251,210,310,298,336,242,237,239,216,282,313,327,244,255,279,229
16:45,244,189,310,298,327,246,228,233,191,285,303,319,252,252,267,207
16:50,243,161,294,293,302,274,217,227,171,280,293,298,274,239,252,179
16:55,233,141,288,302,294,310,204,210,156,277,295,284,326,227,232,166
17:00,223,125,282,315,271,371,191,198,142,274,291,262,379,219,219,147
17:05,220,111,272,316,253,398,184,191,135,273,290,255,407,210,202,140
17:10,218,106,276,330,253,373,172,178,131,282,304,244,390,203,188,137
17:15,212,96,280,332,229,301,167,170,132,287,309,235,309,197,179,130
17:20,201,98,273,333,225,224,156,156,128,283,313,223,231,182,167,127
17:25,199,97,277,338,220,169,150,152,133,285,324,230,169,175,161,132
17:30,187,100,274,334,237,146,146,136,131,277,332,245,137,172,150,131
17:35,178,108,283,344,268,128,146,137,144,282,346,283,123,170,150,141
17:40,182,120,286,344,336,132,153,137,150,292,353,349,122,169,153,149
17:45,189,133,289,339,392,134,164,143,156,296,352,412,121,177,162,152
17:50,192,147,297,347,432,140,176,152,164,305,362,465,128,184,174,168
17:55,199,168,296,337,409,143,189,162,175,306,367,439,132,201,183,179
18:00,198,180,295,345,347,157,203,174,181,307,370,373,137,208,191,187
18:05,195,191,288,335,266,159,211,178,186,304,361,287,137,219,193,195
18:10,175,187,275,321,201,155,216,177,182,291,351,218,137,221,183,187
18:15,154,176,240,297,166,138,212,164,163,260,329,189,114,217,164,172
18:20,135,162,200,273,138,103,200,141,139,219,299,156,90,196,145,151
18:25,117,136,160,246,128,74,183,124,121,173,269,140,63,176,122,128
18:30,106,129,132,227,118,55,179,124,109,150,251,136,47,165,119,122
18:35,102,119,115,221,113,50,172,119,107,125,237,132,46,163,118,121
18:40,96,121,99,212,112,50,164,108,106,109,228,129,44,154,110,117
18:45,90,117,93,211,111,51,152,106,103,98,219,126,44,149,113,119
18:50,90,116,86,203,110,56,145,102,105,97,210,125,51,139,105,119
18:55,86,109,82,202,111,58,137,95,101,95,208,127,54,136,111,118
19:00,90,116,89,191,113,67,130,96,105,98,194,133,60,127,113,120
19:05,88,111,93,185,120,75,130,95,100,104,196,140,68,121,112,114
19:10,94,115,101,176,121,82,132,100,104,108,188,149,75,115,120,116
19:15,93,110,105,163,127,87,125,101,100,116,174,157,79,109,117,116
19:20,102,110,113,152,132,90,124,105,103,118,167,160,74,97,123,108
19:25,103,103,117,138,136,93,117,107,94,126,160,157,77,90,125,104
19:30,99,96,126,125,134,94,119,108,89,127,156,144,75,81,130,106
19:35,104,100,138,120,124,100,117,110,92,142,156,137,79,80,134,109
19:40,103,95,142,112,116,99,116,109,88,150,157,124,81,75,133,105
19:45,101,91,158,104,98,99,115,102,87,158,157,102,82,74,130,101
19:50,90,82,151,92,86,89,105,93,78,153,146,93,75,66,124,95
19:55,72,68,140,78,75,76,87,75,72,145,136,77,65,51,112,77
20:00,55,53,121,59,57,55,67,55,55,125,116,57,49,32,88,56
20:05,41,37,101,45,50,38,46,44,49,114,94,49,36,18,70,43
20:10,38,29,92,36,44,33,36,38,42,104,78,41,33,14,57,37
20:15,35,25,79,31,40,31,27,35,40,87,75,36,29,12,43,35
20:20,37,18,65,32,36,35,20,36,37,72,70,31,29,11,33,35
20:25,37,18,57,27,33,39,18,39,37,54,64,29,31,14,29,35
20:30,39,16,45,24,28,41,17,38,37,49,60,23,33,15,26,39
20:35,46,19,44,18,29,45,21,42,39,43,52,26,37,19,30,44
20:40,45,18,36,17,35,52,19,44,39,39,43,36,45,22,25,49
20:45,46,22,31,18,38,54,22,43,39,34,41,43,48,23,26,51
20:50,44,24,25,23,44,54,22,41,40,29,37,53,48,25,25,55
20:55,38,27,21,28,51,51,21,36,42,25,34,65,45,21,23,54
21:00,27,26,11,29,55,44,16,23,40,13,31,75,38,16,22,43
21:05,18,27,5,33,58,38,13,17,37,7,25,88,36,13,19,41
21:10,15,25,4,38,56,44,13,13,31,6,24,94,38,15,16,35
21:15,14,19,4,40,48,40,16,13,24,6,20,91,39,16,14,28
21:20,13,12,7,45,35,45,17,9,15,8,21,89,39,17,13,18
21:25,12,9,10,51,26,45,18,9,10,11,24,83,44,18,12,12
21:30,12,10,11,57,27,48,18,10,11,12,32,82,47,19,13,14
21:35,13,11,16,73,28,50,19,11,13,15,52,81,52,18,13,12
21:40,15,15,20,106,30,56,21,13,14,20,88,77,56,20,16,15
21:45,16,16,24,150,34,59,19,15,17,23,144,71,64,20,18,16
21:50,18,17,29,198,43,64,19,19,18,27,203,68,71,19,19,17
21:55,18,16,31,221,49,67,17,23,17,30,233,60,74,17,19,16
22:00,15,11,32,202,54,63,13,27,12,30,218,51,75,12,17,11
22:05,9,5,29,150,56,55,12,24,5,27,155,43,71,5,10,5
22:10,6,0,22,90,61,44,9,23,0,22,85,32,61,0,7,0
22:15,7,0,16,56,59,33,8,13,0,16,49,25,50,0,11,0
22:20,10,0,15,40,53,27,11,10,0,15,32,25,40,2,13,0
22:25,11,1,16,44,46,20,12,17,2,16,34,26,25,2,15,0
22:30,14,2,14,65,38,16,12,20,3,14,61,26,15,3,19,0
22:35,15,3,13,110,37,18,13,22,6,14,107,28,16,4,22,0
22:40,16,4,12,159,32,14,15,22,7,11,156,27,16,5,24,0
22:45,16,4,13,185,29,16,15,24,10,13,186,28,14,7,27,0
22:50,17,6,14,173,24,17,17,24,12,14,174,28,18,8,26,0
22:55,14,7,18,127,19,20,15,22,16,18,129,25,18,9,26,0
23:00,13,8,19,79,14,26,17,22,18,20,80,23,26,10,24,0
23:05,10,9,23,45,11,33,16,19,22,23,50,22,31,11,23,0
23:10,8,10,24,30,6,38,16,17,24,25,39,18,36,12,19,0
23:15,5,10,28,23,4,44,14,16,25,27,34,17,42,11,16,0
23:20,2,9,27,25,2,47,14,15,26,28,39,15,46,10,13,0
23:25,2,9,28,24,1,51,10,17,25,28,41,12,47,9,11,0
23:30,1,8,26,26,0,50,8,16,22,27,49,10,50,7,9,0
23:35,2,6,25,28,0,53,7,19,20,24,52,8,49,5,6,0
23:40,2,5,22,32,0,51,3,23,16,22,60,6,48,3,6,0
23:45,4,5,19,34,0,49,5,23,11,19,65,4,46,5,4,0
23:50,4,4,16,37,0,44,5,23,9,16,70,2,43,5,3,0
23:55,6,5,14,39,0,40,9,20,4,13,72,1,39,10,2,0
